title,create_time,update_time,role,timestamp,message
Causal inference trends,2025-10-02 07:59:30.851689,2025-10-03 14:18:32.593518,ChatGPT,2025-10-02 07:38:57.026000,what is happening in the world of causal infernece 
Causal inference trends,2025-10-02 07:59:30.851689,2025-10-03 14:18:32.593518,User,2025-10-02 07:38:57.405334,model_set_context
Causal inference trends,2025-10-02 07:59:30.851689,2025-10-03 14:18:32.593518,ChatGPT,2025-10-02 07:38:57.424728,what is happening in the world of causal infernece 
Causal inference trends,2025-10-02 07:59:30.851689,2025-10-03 14:18:32.593518,User,2025-10-02 07:38:58.678362,The output of this plugin was redacted.
Causal inference trends,2025-10-02 07:59:30.851689,2025-10-03 14:18:32.593518,ChatGPT,2025-10-02 07:38:58.668669,search_result_groups
Causal inference trends,2025-10-02 07:59:30.851689,2025-10-03 14:18:32.593518,ChatGPT,2025-10-02 07:38:59.966264,"Thatâ€™s a great question â€” causal inference is a hot area right now, straddling statistics, machine learning, epidemiology, economics, social science, and more. Below is a snapshot of whatâ€™s going on â€” plus a few challenges and open directions. I can also dig deeper into any subarea you like (e.g. causal discovery, applications in health, or how itâ€™s being used in large AI systems).\n\n---\n\n## Whatâ€™s new / trending\n\nHere are some of the key currents in the causal inference world circa 2025:\n\n### 1. Deeper integration with machine learning / deep learning\n\n- Researchers are increasingly combining **causal inference** (theory of identifying interventions, counterfactuals, etc.) with **flexible ML tools** for estimation and representation learning. îˆ€citeîˆ‚turn0search0îˆ‚turn0search3îˆ‚turn0search13îˆ  \n- Thereâ€™s growing interest in **causal representation learning** â€” learning latent representations that respect causal structure (so that interventions, counterfactuals, etc. are meaningful). îˆ€citeîˆ‚turn0search3îˆ  \n- Large language models (LLMs) are being explored as tools (or testbeds) for causal reasoning and causal inference tasks. A recent survey reviews how LLMs can handle intervening, counterfactual queries, etc. îˆ€citeîˆ‚turn0search21îˆ  \n\n### 2. Methods for more complex data types / settings\n\n- **Functional outcomes**: outcomes that are not scalars but functions over time or space (e.g., growth curves, time series). New doubly robust estimators have been proposed for the â€œFunctional Average Treatment Effectâ€ (FATE). îˆ€citeîˆ‚turn0academia34îˆ  \n- **Network interference**: when treatment of one unit affects others (spillover, social networks). Thereâ€™s a recent survey on causal inference under network interference, discussing how to define and estimate causal effects when interference is present. îˆ€citeîˆ‚turn0academia32îˆ  \n- **Latent variable causal inference**: dealing with hidden (unmeasured) confounding, measurements error, or latent structure. Recent surveys are covering methods for identification and estimation in presence of latent variables. îˆ€citeîˆ‚turn0search16îˆ  \n\n### 3. Methods from â€œnontraditionalâ€ mathematical areas\n\n- **Optimal transport & causality**: Thereâ€™s a recent primer showing how optimal transport theory (which studies how probability mass moves between distributions) aligns with thinking about counterfactuals and causal interventions. îˆ€citeîˆ‚turn0academia35îˆ  \n- **Mendelian randomization** in genetics / epidemiology remains active; a recent tutorial/review focuses on clarifying causal estimands, dealing with weak/invalid instruments, and adapting MR to high-dimensional / omics data. îˆ€citeîˆ‚turn0academia33îˆ  \n\n### 4. Applications & real-world adoption\n\n- In **clinical and medical research**, causal inference is being used to strengthen conclusions from observational data, for precision medicine, comparative effectiveness, etc. A bibliometric analysis highlights that this is a growing theme. îˆ€citeîˆ‚turn0search2îˆ‚turn0search23îˆ  \n- In **real-world evidence (RWE)** for regulatory or pharmaceutical use, organizations are trying to go â€œbeyond propensity scoresâ€ and adopt more robust causal methods. For example, Target RWE recently announced methodological and software innovations for causal inference in real-world clinical studies. îˆ€citeîˆ‚turn0search1îˆ‚turn0search12îˆ  \n- In **policy, epidemiology, climate science**, people are adopting causal frameworks (using DAGs, explicitly modeling assumptions) to get more credible inferences from messy observational data. For example, a piece in *Nature Ecology & Evolution* illustrates using causal inference to study how weather influences infectious disease â€” the point being: you need a transparent causal framework to avoid mistaken inferences. îˆ€citeîˆ‚turn0search29îˆ  \n- However, there is also pushback / controversy: e.g. a recent news article discusses efforts (by a risk analyst) to build an AI tool that flags â€œmisuse of correlation as causationâ€ in epidemiology â€” critics worry that such tools could be misused to undermine legitimate causal science. îˆ€citeîˆ‚turn0news39îˆ  \n\n### 5. Better software practices & transparency\n\n- Thereâ€™s growing concern about how causal inference is presented in statistical software: many tools donâ€™t document the *estimand* (what causal quantity is being estimated), donâ€™t state assumptions explicitly, and offer limited diagnostics. A recent article proposes an R package â€œCarefullyCausalâ€ to help produce clearer outputs. îˆ€citeîˆ‚turn0search10îˆ  \n- More special issues and journals are focusing on â€œcausal inference for learning systems / AIâ€ to push cross-disciplinary methods. îˆ€citeîˆ‚turn0search13îˆ  \n\n---\n\n## Challenges, criticisms & open problems\n\nAs with any vibrant field, there are important limitations, debates, and open frontiers.\n\n- **Robustness / transportability / external validity**: Even when you estimate a causal effect in one setting, can you trust it to generalize to a new population or environment? Many current causal models may fail in capturing real-world heterogeneity. A recent benchmark study showed that many CATE (conditional average treatment effect) models donâ€™t generalize well. îˆ€citeîˆ‚turn0search22îˆ  \n- **Unmeasured confounding, invalid instruments**: These remain perennial problems. Methods to deal with weak or invalid instruments, or hidden confounders, are still under development. (E.g., in Mendelian randomization work) îˆ€citeîˆ‚turn0academia33îˆ  \n- **Causal discovery vs. causal inference**: Automatically discovering causal graphs from data (without strong prior knowledge) is very hard. Mistakes in the graph lead to wrong effects. The tension between human knowledge and data-driven discovery remains unresolved.  \n- **Scalability & computational issues**: Many causal methods are computationally heavy, especially when integrated with flexible ML, processing high-dimensional data, networks, or time series.  \n- **Interference, dynamic/feedback loops**: In many systems, interventions have feedback, spillovers, and interactions. Accounting for these in a clean causal framework is difficult (e.g. network interference, as already mentioned).  \n- **Interpretability, explanation, and causality in AI**: As causal ideas are introduced into AI systems, there's tension between flexible â€œblack boxâ€ models and the need for clear causal explanations. How to combine causality, fairness, interpretability, and generalization is an open frontier.  \n- **Misuse or overclaiming causal claims**: Because causal language is compelling, there's risk of overinterpreting weak causal evidence; transparency about assumptions is not always enforced.  \n\n---\n\n## Big-picture themes & future directions\n\nHere are some themes that seem likely to shape the near-term future:\n\n- **Causal under distribution shift / out-of-distribution generalization**: Because causal relations (if correct) may generalize across environments, methods that exploit causality to make models robust to changing conditions are gaining traction.\n\n- **Causal + generative models / causal simulators**: Building systems that can reason about â€œwhat ifâ€ via internal causal models or simulators, for planning, counterfactual reasoning, and decision-making.\n\n- **Human-in-the-loop / domain knowledge integration**: Using domain expertise to guide causal model construction, constrain causal discovery, or test assumptions.\n\n- **Benchmarking, replicability, and stress-testing causal claims**: Developing benchmarks and standards to test whether causal inference methods work in practice, in realistic settings.\n\n- **Bridging experiment and observation**: Techniques to better combine randomized experiments (where feasible) with observational data (when experiments are impossible) in a principled way (e.g. â€œtarget trial emulationâ€ methods) continue to grow. îˆ€citeîˆ‚turn0search9îˆ  \n\n- **Causal inference in AI systems, decision systems, and autonomous agents**: As AI systems become embedded in decision loops (e.g. autonomous agents, adaptive systems), they'll need causal reasoning rather than just prediction.\n\n---\n\nIf you like, I could also prepare a â€œstate-of-the-art in causal inference 2025â€ slide or a set of key papers (with links) tailored to your domain (e.g. economics, medicine, AI). Do you want that?"
Causal inference trends,2025-10-02 07:59:30.851689,2025-10-03 14:18:32.593518,ChatGPT,2025-10-02 07:47:30.591000,who are the biggest names in causal inference 
Causal inference trends,2025-10-02 07:59:30.851689,2025-10-03 14:18:32.593518,ChatGPT,2025-10-02 07:47:31.031469,"Great question â€” causal inference has some â€œfounding figures,â€ some modern leaders, and a fast-growing group at the ML/AI interface. Hereâ€™s a map of the biggest names and groups youâ€™ll hear about:  \n\n---\n\n## **Foundational / Classical Figures**\nThese are the people whose frameworks are referenced in almost every causal inference paper:  \n\n- **Judea Pearl (UCLA)**  \n  *Father of modern causal inference*, developed the **do-calculus**, **structural causal models (SCMs)**, and graph-based causal reasoning. Wrote *Causality* and *The Book of Why*.  \n\n- **Donald Rubin (Harvard, emeritus)**  \n  Developed the **Rubin Causal Model (RCM)** / **potential outcomes framework**, central in statistics and social science.  \n\n- **James Robins (Harvard)**  \n  Key in epidemiology and longitudinal causal inference (g-methods: g-formula, marginal structural models, inverse probability weighting).  \n\n---\n\n## **Current Leaders in Statistics & Epidemiology**\n- **Miguel HernÃ¡n (Harvard T.H. Chan School of Public Health)**  \n  Works on *target trial emulation* and modern epidemiological applications of causal inference.  \n\n- **Jamie Robins & Miguel HernÃ¡n together**  \n  Run the **CAUSALab at Harvard**, highly influential in both theory and practice.  \n\n- **Tyler VanderWeele (Harvard)**  \n  Work on mediation analysis, causal inference in epidemiology, public health.  \n\n- **Peter Bickel, Guido Imbens, Joshua Angrist**  \n  Econometricians / statisticians; Imbens & Angrist won the 2021 Nobel Prize in Economics for contributions to causal inference in natural experiments (IV, LATE).  \n\n---\n\n## **Machine Learning + Causal Inference**\nThis is the newer wave where causal inference and AI/ML are converging:  \n\n- **Bernhard SchÃ¶lkopf (Max Planck Institute / TÃ¼bingen)**  \n  Leading work on **causal representation learning** and causal discovery.  \n\n- **Dominik Janzing (Amazon / TÃ¼bingen)**  \n  Collaborates with SchÃ¶lkopf; strong in causal discovery and independence-based methods.  \n\n- **Elias Bareinboim (Columbia University)**  \n  Runs the **Causal AI Lab**. Known for work on **transportability**, **meta-causal inference**, and causal reasoning in AI.  \n\n- **Susan Athey (Stanford GSB)**  \n  Combines causal inference with ML methods for policy evaluation and economics.  \n\n- **David Blei (Columbia)**  \n  Known for probabilistic models and causal inference with ML.  \n\n- **Kun Zhang (CMU / MBZUAI)**  \n  Works on causal discovery, time series causality, and causality in AI.  \n\n- **Ilya Shpitser (Johns Hopkins)**  \n  Focuses on identification, mediation, missing data, causal graphs.  \n\n---\n\n## **Influential Economists Using Causal Inference**\n- **Joshua Angrist (MIT)** â€“ econometrics, natural experiments.  \n- **Guido Imbens (Stanford)** â€“ causal inference methods, econometrics.  \n- **Raj Chetty (Harvard)** â€“ large-scale empirical economics, policy inference (social mobility, inequality).  \n\n---\n\n## **Rising Stars & Active Groups**\n- **Caroline Uhler (MIT)** â€“ causal inference + genomics, deep learning.  \n- **Kosuke Imai (Harvard, Political Science)** â€“ causal inference in political science, design-based methods.  \n- **Victor Chernozhukov (MIT)** â€“ econometrics + ML causal inference.  \n- **Arthur Gretton (UCL)** â€“ causal discovery with kernels, dependence measures.  \n- **Michael Kosorok (UNC)** â€“ biostatistics + causal inference in health.  \n\n---\n\n## **Big Labs / Centers**\n- **CAUSALab (Harvard)** â€“ HernÃ¡n, Robins, VanderWeele.  \n- **Columbia Causal AI Lab (Bareinboim)**.  \n- **Max Planck Institute for Intelligent Systems (SchÃ¶lkopf, Janzing)**.  \n- **MIT & Stanford Economics Departments** (Angrist, Imbens, Athey).  \n- **CMU / MBZUAI Causality Group (Kun Zhang)**.  \n\n---\n\nğŸ‘‰ Would you like me to build you a **map / chart** (like a network diagram of â€œwhoâ€™s whoâ€ by area â€” stats, ML, econ, epi) so you can see at a glance the main names and clusters?"
Causal inference trends,2025-10-02 07:59:30.851689,2025-10-03 14:18:32.593518,User,2025-10-02 08:49:15.193000,is the one at harvard the most prestigious one
Causal inference trends,2025-10-02 07:59:30.851689,2025-10-03 14:18:32.593518,User,2025-10-02 08:49:15.913158,"Thatâ€™s a really good question. The **Harvard group (CAUSALab)** is certainly one of the most prestigious and visible hubs for causal inference â€” especially in **epidemiology, public health, and applied statistics**.  \n\nHereâ€™s how it compares:  \n\n---\n\n### **Why Harvard CAUSALab is considered top-tier**\n- **Foundational figures**: James Robins (inventor of g-methods) and Miguel HernÃ¡n (leader of target trial emulation, applied methods).  \n- **High impact in practice**: Their methods are heavily used in medicine, epidemiology, and policy. Regulators (FDA, WHO) often cite their frameworks.  \n- **Training & outreach**: Their courses, textbooks (*Causal Inference: What If*), and workshops are the â€œgo-toâ€ entry points for many applied scientists.  \n- **Prestige of Harvard public health**: Big name recognition helps them set the standard in epidemiology.  \n\n---\n\n### **Other equally prestigious centers (depending on field)**  \n- **UCLA (Judea Pearlâ€™s group)** â†’ more **foundational / graphical / philosophical**. Prestigious on the theory side of causality.  \n- **MIT / Stanford Economics** â†’ extremely influential in **econometrics & policy** (Imbens, Angrist, Athey). Nobel Prize winners came from here.  \n- **Max Planck Institute (SchÃ¶lkopf)** â†’ most prestigious in **machine learning & causal representation learning**.  \n- **Columbia (Elias Bareinboim, Causal AI Lab)** â†’ top in **AI-focused causal inference**, especially transfer/transportability.  \n- **CMU / MBZUAI (Kun Zhangâ€™s group)** â†’ strong reputation in **causal discovery**, especially from observational and time-series data.  \n\n---\n\nâœ… **So is Harvard the most prestigious overall?**  \n- If youâ€™re in **medicine, public health, or applied social sciences** â†’ **Yes, Harvard CAUSALab is usually considered *the* leader.**  \n- If youâ€™re in **economics** â†’ MIT/Stanford dominate.  \n- If youâ€™re in **machine learning / AI** â†’ Max Planck (SchÃ¶lkopf) and Columbia (Bareinboim) are seen as more central.  \n- If you care about **foundational theory** â†’ Pearlâ€™s UCLA legacy is still towering.  \n\n---\n\nDo you want me to **rank the top causal inference hubs by domain (epidemiology, ML, economics, stats)** so you can see where Harvard stands relative to others?"
Causal inference trends,2025-10-02 07:59:30.851689,2025-10-03 14:18:32.593518,ChatGPT,2025-10-02 08:57:51.301000,is that lab nested in the biostats department of harvard
Causal inference trends,2025-10-02 07:59:30.851689,2025-10-03 14:18:32.593518,ChatGPT,2025-10-02 08:57:51.706642,"Almost ğŸ™‚ â€” but not quite.  \n\nThe **CAUSALab** at Harvard is based in the **Harvard T.H. Chan School of Public Health**. More specifically:  \n\n- **Miguel HernÃ¡n** and **Jamie Robins** are faculty in the **Department of Epidemiology**, not Biostatistics.  \n- Many of their close collaborators (e.g. in methods development) are in **Biostatistics**, but the lab itself is formally housed in Epidemiology.  \n- The **Department of Biostatistics** at Harvard Chan is a powerhouse on its own (with people like Francesca Dominici, Xihong Lin, etc.), but itâ€™s technically a different department.  \n\nThat said, **epidemiology + biostatistics are deeply intertwined at Harvard**, and the CAUSALab works closely with both. Many of their projects blend epi questions with heavy biostatistical methods.  \n\nğŸ‘‰ Would you like me to map out the **organizational structure** (epi vs biostats vs causal inference at Harvard) so you can see exactly how CAUSALab fits in?"
