title,create_time,update_time,sender,timestamp,message
Causal inference trends,2025-10-02 07:59:30.851689,2025-10-03 14:18:32.593518,user,2025-10-02 07:38:57.026000,'what is happening in the world of causal infernece '
Causal inference trends,2025-10-02 07:59:30.851689,2025-10-03 14:18:32.593518,user,2025-10-02 07:38:57.405334,'model_set_context'
Causal inference trends,2025-10-02 07:59:30.851689,2025-10-03 14:18:32.593518,user,2025-10-02 07:38:57.424728,'what is happening in the world of causal infernece '
Causal inference trends,2025-10-02 07:59:30.851689,2025-10-03 14:18:32.593518,user,2025-10-02 07:38:58.678362,'The output of this plugin was redacted.'
Causal inference trends,2025-10-02 07:59:30.851689,2025-10-03 14:18:32.593518,user,2025-10-02 07:38:58.668669,'064bf107-8ae7-42ca-a704-c3d56a48a237'
Causal inference trends,2025-10-02 07:59:30.851689,2025-10-03 14:18:32.593518,user,2025-10-02 07:38:59.966264,"""That‚Äôs a great question ‚Äî causal inference is a hot area right now, straddling statistics, machine learning, epidemiology, economics, social science, and more. Below is a snapshot of what‚Äôs going on ‚Äî plus a few challenges and open directions. I can also dig deeper into any subarea you like (e.g. causal discovery, applications in health, or how it‚Äôs being used in large AI systems).\\n\\n---\\n\\n## What‚Äôs new / trending\\n\\nHere are some of the key currents in the causal inference world circa 2025:\\n\\n### 1. Deeper integration with machine learning / deep learning\\n\\n- Researchers are increasingly combining **causal inference** (theory of identifying interventions, counterfactuals, etc.) with **flexible ML tools** for estimation and representation learning. \ue200cite\ue202turn0search0\ue202turn0search3\ue202turn0search13\ue201  \\n- There‚Äôs growing interest in **causal representation learning** ‚Äî learning latent representations that respect causal structure (so that interventions, counterfactuals, etc. are meaningful). \ue200cite\ue202turn0search3\ue201  \\n- Large language models (LLMs) are being explored as tools (or testbeds) for causal reasoning and causal inference tasks. A recent survey reviews how LLMs can handle intervening, counterfactual queries, etc. \ue200cite\ue202turn0search21\ue201  \\n\\n### 2. Methods for more complex data types / settings\\n\\n- **Functional outcomes**: outcomes that are not scalars but functions over time or space (e.g., growth curves, time series). New doubly robust estimators have been proposed for the ‚ÄúFunctional Average Treatment Effect‚Äù (FATE). \ue200cite\ue202turn0academia34\ue201  \\n- **Network interference**: when treatment of one unit affects others (spillover, social networks). There‚Äôs a recent survey on causal inference under network interference, discussing how to define and estimate causal effects when interference is present. \ue200cite\ue202turn0academia32\ue201  \\n- **Latent variable causal inference**: dealing with hidden (unmeasured) confounding, measurements error, or latent structure. Recent surveys are covering methods for identification and estimation in presence of latent variables. \ue200cite\ue202turn0search16\ue201  \\n\\n### 3. Methods from ‚Äúnontraditional‚Äù mathematical areas\\n\\n- **Optimal transport & causality**: There‚Äôs a recent primer showing how optimal transport theory (which studies how probability mass moves between distributions) aligns with thinking about counterfactuals and causal interventions. \ue200cite\ue202turn0academia35\ue201  \\n- **Mendelian randomization** in genetics / epidemiology remains active; a recent tutorial/review focuses on clarifying causal estimands, dealing with weak/invalid instruments, and adapting MR to high-dimensional / omics data. \ue200cite\ue202turn0academia33\ue201  \\n\\n### 4. Applications & real-world adoption\\n\\n- In **clinical and medical research**, causal inference is being used to strengthen conclusions from observational data, for precision medicine, comparative effectiveness, etc. A bibliometric analysis highlights that this is a growing theme. \ue200cite\ue202turn0search2\ue202turn0search23\ue201  \\n- In **real-world evidence (RWE)** for regulatory or pharmaceutical use, organizations are trying to go ‚Äúbeyond propensity scores‚Äù and adopt more robust causal methods. For example, Target RWE recently announced methodological and software innovations for causal inference in real-world clinical studies. \ue200cite\ue202turn0search1\ue202turn0search12\ue201  \\n- In **policy, epidemiology, climate science**, people are adopting causal frameworks (using DAGs, explicitly modeling assumptions) to get more credible inferences from messy observational data. For example, a piece in *Nature Ecology & Evolution* illustrates using causal inference to study how weather influences infectious disease ‚Äî the point being: you need a transparent causal framework to avoid mistaken inferences. \ue200cite\ue202turn0search29\ue201  \\n- However, there is also pushback / controversy: e.g. a recent news article discusses efforts (by a risk analyst) to build an AI tool that flags ‚Äúmisuse of correlation as causation‚Äù in epidemiology ‚Äî critics worry that such tools could be misused to undermine legitimate causal science. \ue200cite\ue202turn0news39\ue201  \\n\\n### 5. Better software practices & transparency\\n\\n- There‚Äôs growing concern about how causal inference is presented in statistical software: many tools don‚Äôt document the *estimand* (what causal quantity is being estimated), don‚Äôt state assumptions explicitly, and offer limited diagnostics. A recent article proposes an R package ‚ÄúCarefullyCausal‚Äù to help produce clearer outputs. \ue200cite\ue202turn0search10\ue201  \\n- More special issues and journals are focusing on ‚Äúcausal inference for learning systems / AI‚Äù to push cross-disciplinary methods. \ue200cite\ue202turn0search13\ue201  \\n\\n---\\n\\n## Challenges, criticisms & open problems\\n\\nAs with any vibrant field, there are important limitations, debates, and open frontiers.\\n\\n- **Robustness / transportability / external validity**: Even when you estimate a causal effect in one setting, can you trust it to generalize to a new population or environment? Many current causal models may fail in capturing real-world heterogeneity. A recent benchmark study showed that many CATE (conditional average treatment effect) models don‚Äôt generalize well. \ue200cite\ue202turn0search22\ue201  \\n- **Unmeasured confounding, invalid instruments**: These remain perennial problems. Methods to deal with weak or invalid instruments, or hidden confounders, are still under development. (E.g., in Mendelian randomization work) \ue200cite\ue202turn0academia33\ue201  \\n- **Causal discovery vs. causal inference**: Automatically discovering causal graphs from data (without strong prior knowledge) is very hard. Mistakes in the graph lead to wrong effects. The tension between human knowledge and data-driven discovery remains unresolved.  \\n- **Scalability & computational issues**: Many causal methods are computationally heavy, especially when integrated with flexible ML, processing high-dimensional data, networks, or time series.  \\n- **Interference, dynamic/feedback loops**: In many systems, interventions have feedback, spillovers, and interactions. Accounting for these in a clean causal framework is difficult (e.g. network interference, as already mentioned).  \\n- **Interpretability, explanation, and causality in AI**: As causal ideas are introduced into AI systems, there's tension between flexible ‚Äúblack box‚Äù models and the need for clear causal explanations. How to combine causality, fairness, interpretability, and generalization is an open frontier.  \\n- **Misuse or overclaiming causal claims**: Because causal language is compelling, there's risk of overinterpreting weak causal evidence; transparency about assumptions is not always enforced.  \\n\\n---\\n\\n## Big-picture themes & future directions\\n\\nHere are some themes that seem likely to shape the near-term future:\\n\\n- **Causal under distribution shift / out-of-distribution generalization**: Because causal relations (if correct) may generalize across environments, methods that exploit causality to make models robust to changing conditions are gaining traction.\\n\\n- **Causal + generative models / causal simulators**: Building systems that can reason about ‚Äúwhat if‚Äù via internal causal models or simulators, for planning, counterfactual reasoning, and decision-making.\\n\\n- **Human-in-the-loop / domain knowledge integration**: Using domain expertise to guide causal model construction, constrain causal discovery, or test assumptions.\\n\\n- **Benchmarking, replicability, and stress-testing causal claims**: Developing benchmarks and standards to test whether causal inference methods work in practice, in realistic settings.\\n\\n- **Bridging experiment and observation**: Techniques to better combine randomized experiments (where feasible) with observational data (when experiments are impossible) in a principled way (e.g. ‚Äútarget trial emulation‚Äù methods) continue to grow. \ue200cite\ue202turn0search9\ue201  \\n\\n- **Causal inference in AI systems, decision systems, and autonomous agents**: As AI systems become embedded in decision loops (e.g. autonomous agents, adaptive systems), they'll need causal reasoning rather than just prediction.\\n\\n---\\n\\nIf you like, I could also prepare a ‚Äústate-of-the-art in causal inference 2025‚Äù slide or a set of key papers (with links) tailored to your domain (e.g. economics, medicine, AI). Do you want that?"""
Causal inference trends,2025-10-02 07:59:30.851689,2025-10-03 14:18:32.593518,user,2025-10-02 07:47:30.591000,'who are the biggest names in causal inference '
Causal inference trends,2025-10-02 07:59:30.851689,2025-10-03 14:18:32.593518,user,2025-10-02 07:47:31.031469,"'Great question ‚Äî causal inference has some ‚Äúfounding figures,‚Äù some modern leaders, and a fast-growing group at the ML/AI interface. Here‚Äôs a map of the biggest names and groups you‚Äôll hear about:  \\n\\n---\\n\\n## **Foundational / Classical Figures**\\nThese are the people whose frameworks are referenced in almost every causal inference paper:  \\n\\n- **Judea Pearl (UCLA)**  \\n  *Father of modern causal inference*, developed the **do-calculus**, **structural causal models (SCMs)**, and graph-based causal reasoning. Wrote *Causality* and *The Book of Why*.  \\n\\n- **Donald Rubin (Harvard, emeritus)**  \\n  Developed the **Rubin Causal Model (RCM)** / **potential outcomes framework**, central in statistics and social science.  \\n\\n- **James Robins (Harvard)**  \\n  Key in epidemiology and longitudinal causal inference (g-methods: g-formula, marginal structural models, inverse probability weighting).  \\n\\n---\\n\\n## **Current Leaders in Statistics & Epidemiology**\\n- **Miguel Hern√°n (Harvard T.H. Chan School of Public Health)**  \\n  Works on *target trial emulation* and modern epidemiological applications of causal inference.  \\n\\n- **Jamie Robins & Miguel Hern√°n together**  \\n  Run the **CAUSALab at Harvard**, highly influential in both theory and practice.  \\n\\n- **Tyler VanderWeele (Harvard)**  \\n  Work on mediation analysis, causal inference in epidemiology, public health.  \\n\\n- **Peter Bickel, Guido Imbens, Joshua Angrist**  \\n  Econometricians / statisticians; Imbens & Angrist won the 2021 Nobel Prize in Economics for contributions to causal inference in natural experiments (IV, LATE).  \\n\\n---\\n\\n## **Machine Learning + Causal Inference**\\nThis is the newer wave where causal inference and AI/ML are converging:  \\n\\n- **Bernhard Sch√∂lkopf (Max Planck Institute / T√ºbingen)**  \\n  Leading work on **causal representation learning** and causal discovery.  \\n\\n- **Dominik Janzing (Amazon / T√ºbingen)**  \\n  Collaborates with Sch√∂lkopf; strong in causal discovery and independence-based methods.  \\n\\n- **Elias Bareinboim (Columbia University)**  \\n  Runs the **Causal AI Lab**. Known for work on **transportability**, **meta-causal inference**, and causal reasoning in AI.  \\n\\n- **Susan Athey (Stanford GSB)**  \\n  Combines causal inference with ML methods for policy evaluation and economics.  \\n\\n- **David Blei (Columbia)**  \\n  Known for probabilistic models and causal inference with ML.  \\n\\n- **Kun Zhang (CMU / MBZUAI)**  \\n  Works on causal discovery, time series causality, and causality in AI.  \\n\\n- **Ilya Shpitser (Johns Hopkins)**  \\n  Focuses on identification, mediation, missing data, causal graphs.  \\n\\n---\\n\\n## **Influential Economists Using Causal Inference**\\n- **Joshua Angrist (MIT)** ‚Äì econometrics, natural experiments.  \\n- **Guido Imbens (Stanford)** ‚Äì causal inference methods, econometrics.  \\n- **Raj Chetty (Harvard)** ‚Äì large-scale empirical economics, policy inference (social mobility, inequality).  \\n\\n---\\n\\n## **Rising Stars & Active Groups**\\n- **Caroline Uhler (MIT)** ‚Äì causal inference + genomics, deep learning.  \\n- **Kosuke Imai (Harvard, Political Science)** ‚Äì causal inference in political science, design-based methods.  \\n- **Victor Chernozhukov (MIT)** ‚Äì econometrics + ML causal inference.  \\n- **Arthur Gretton (UCL)** ‚Äì causal discovery with kernels, dependence measures.  \\n- **Michael Kosorok (UNC)** ‚Äì biostatistics + causal inference in health.  \\n\\n---\\n\\n## **Big Labs / Centers**\\n- **CAUSALab (Harvard)** ‚Äì Hern√°n, Robins, VanderWeele.  \\n- **Columbia Causal AI Lab (Bareinboim)**.  \\n- **Max Planck Institute for Intelligent Systems (Sch√∂lkopf, Janzing)**.  \\n- **MIT & Stanford Economics Departments** (Angrist, Imbens, Athey).  \\n- **CMU / MBZUAI Causality Group (Kun Zhang)**.  \\n\\n---\\n\\nüëâ Would you like me to build you a **map / chart** (like a network diagram of ‚Äúwho‚Äôs who‚Äù by area ‚Äî stats, ML, econ, epi) so you can see at a glance the main names and clusters?'"
Causal inference trends,2025-10-02 07:59:30.851689,2025-10-03 14:18:32.593518,user,2025-10-02 08:49:15.193000,'is the one at harvard the most prestigious one'
Causal inference trends,2025-10-02 07:59:30.851689,2025-10-03 14:18:32.593518,user,2025-10-02 08:49:15.913158,"'That‚Äôs a really good question. The **Harvard group (CAUSALab)** is certainly one of the most prestigious and visible hubs for causal inference ‚Äî especially in **epidemiology, public health, and applied statistics**.  \\n\\nHere‚Äôs how it compares:  \\n\\n---\\n\\n### **Why Harvard CAUSALab is considered top-tier**\\n- **Foundational figures**: James Robins (inventor of g-methods) and Miguel Hern√°n (leader of target trial emulation, applied methods).  \\n- **High impact in practice**: Their methods are heavily used in medicine, epidemiology, and policy. Regulators (FDA, WHO) often cite their frameworks.  \\n- **Training & outreach**: Their courses, textbooks (*Causal Inference: What If*), and workshops are the ‚Äúgo-to‚Äù entry points for many applied scientists.  \\n- **Prestige of Harvard public health**: Big name recognition helps them set the standard in epidemiology.  \\n\\n---\\n\\n### **Other equally prestigious centers (depending on field)**  \\n- **UCLA (Judea Pearl‚Äôs group)** ‚Üí more **foundational / graphical / philosophical**. Prestigious on the theory side of causality.  \\n- **MIT / Stanford Economics** ‚Üí extremely influential in **econometrics & policy** (Imbens, Angrist, Athey). Nobel Prize winners came from here.  \\n- **Max Planck Institute (Sch√∂lkopf)** ‚Üí most prestigious in **machine learning & causal representation learning**.  \\n- **Columbia (Elias Bareinboim, Causal AI Lab)** ‚Üí top in **AI-focused causal inference**, especially transfer/transportability.  \\n- **CMU / MBZUAI (Kun Zhang‚Äôs group)** ‚Üí strong reputation in **causal discovery**, especially from observational and time-series data.  \\n\\n---\\n\\n‚úÖ **So is Harvard the most prestigious overall?**  \\n- If you‚Äôre in **medicine, public health, or applied social sciences** ‚Üí **Yes, Harvard CAUSALab is usually considered *the* leader.**  \\n- If you‚Äôre in **economics** ‚Üí MIT/Stanford dominate.  \\n- If you‚Äôre in **machine learning / AI** ‚Üí Max Planck (Sch√∂lkopf) and Columbia (Bareinboim) are seen as more central.  \\n- If you care about **foundational theory** ‚Üí Pearl‚Äôs UCLA legacy is still towering.  \\n\\n---\\n\\nDo you want me to **rank the top causal inference hubs by domain (epidemiology, ML, economics, stats)** so you can see where Harvard stands relative to others?'"
Causal inference trends,2025-10-02 07:59:30.851689,2025-10-03 14:18:32.593518,user,2025-10-02 08:57:51.301000,'is that lab nested in the biostats department of harvard'
Causal inference trends,2025-10-02 07:59:30.851689,2025-10-03 14:18:32.593518,user,2025-10-02 08:57:51.706642,"'Almost üôÇ ‚Äî but not quite.  \\n\\nThe **CAUSALab** at Harvard is based in the **Harvard T.H. Chan School of Public Health**. More specifically:  \\n\\n- **Miguel Hern√°n** and **Jamie Robins** are faculty in the **Department of Epidemiology**, not Biostatistics.  \\n- Many of their close collaborators (e.g. in methods development) are in **Biostatistics**, but the lab itself is formally housed in Epidemiology.  \\n- The **Department of Biostatistics** at Harvard Chan is a powerhouse on its own (with people like Francesca Dominici, Xihong Lin, etc.), but it‚Äôs technically a different department.  \\n\\nThat said, **epidemiology + biostatistics are deeply intertwined at Harvard**, and the CAUSALab works closely with both. Many of their projects blend epi questions with heavy biostatistical methods.  \\n\\nüëâ Would you like me to map out the **organizational structure** (epi vs biostats vs causal inference at Harvard) so you can see exactly how CAUSALab fits in?'"
